代码,名称,网格评分,日均振幅(%),震荡纯度,近20日成交额,MA变异系数,趋势斜率
300461,田中精机,29.22,5.74,0.909,5.95 亿,0.0779,0.0007
300418,昆仑万维,27.18,5.3,0.958,69.34 亿,0.086,0.0008
688596,正帆科技,26.43,4.16,0.995,2.60 亿,0.053,0.0034
300351,永贵电器,25.31,4.39,0.974,2.29 亿,0.0566,0.0123
301025,读客文化,25.03,5.22,0.995,3.40 亿,0.0792,0.028
301191,菲菱科思,24.92,5.79,0.971,3.59 亿,0.1096,0.0159
688595,芯海科技,24.75,5.35,0.981,2.43 亿,0.09,0.0219
300624,万兴科技,24.61,5.3,0.98,16.99 亿,0.108,0.0032
300654,世纪天鸿,24.59,5.2,0.993,3.99 亿,0.092,0.0179
300315,掌趣科技,24.39,4.29,0.992,11.63 亿,0.0647,0.0096
301136,招标股份,24.3,5.27,0.994,3.01 亿,0.113,0.0024
603108,润达医疗,24.25,4.94,0.987,4.57 亿,0.0899,0.0112
300688,创业黑马,24.03,5.02,0.995,3.06 亿,0.0956,0.0122
301321,翰博高新,23.56,5.15,0.963,2.16 亿,0.0912,0.0195
300721,怡达股份,23.48,4.85,0.987,3.37 亿,0.0986,0.0053
300788,中信出版,23.43,4.51,0.961,3.04 亿,0.07,0.0152
000863,三湘印象,23.33,4.26,0.958,2.31 亿,0.0615,0.0135
600552,凯盛科技,23.14,3.92,0.964,7.11 亿,0.0491,0.014
300707,威唐工业,22.97,4.61,0.979,3.48 亿,0.0881,0.0082
300667,必创科技,22.85,4.62,0.984,2.23 亿,0.094,0.0049
603703,盛洋科技,22.67,3.99,0.964,2.41 亿,0.06,0.0098
002519,银河电子,22.67,3.98,0.945,19.12 亿,0.0566,0.0093
301085,亚康股份,22.6,5.28,0.993,5.93 亿,0.1246,0.0073
300264,佳创视讯,22.56,5.51,0.959,4.27 亿,0.1157,0.0185
688535,华海诚科,22.5,5.95,0.961,5.21 亿,0.1225,0.0318
002512,达华智能,22.47,4.91,0.98,3.36 亿,0.1009,0.0132
300780,德恩精工,22.41,5.22,0.968,5.89 亿,0.1117,0.0139
300629,新劲刚,22.28,4.22,0.968,3.72 亿,0.059,0.024
603533,掌阅科技,22.25,4.65,0.979,8.88 亿,0.0833,0.0211
300798,锦鸡股份,22.12,5.29,0.974,5.80 亿,0.1302,0.0027
002077,大港股份,22.11,3.98,0.985,6.18 亿,0.076,0.0015
300812,易天股份,22.07,5.41,0.944,6.13 亿,0.111,0.0205
603097,江苏华辰,21.99,4.16,0.941,2.36 亿,0.0598,0.018
688601,力芯微,21.86,4.57,0.985,3.82 亿,0.0745,0.0313
300474,景嘉微,21.78,4.3,0.998,7.18 亿,0.0927,0.0042
002343,慈文传媒,21.7,4.82,0.999,2.16 亿,0.1033,0.0187
601599,浙文影业,21.68,3.76,0.985,6.01 亿,0.0661,0.0046
601799,星宇股份,21.6,3.13,0.984,8.71 亿,0.0344,0.0082
002455,百川股份,21.52,3.96,0.929,14.73 亿,0.069,0.0019
300678,中科信息,21.31,4.42,0.996,2.79 亿,0.1059,0.0009
603058,永吉股份,21.19,3.9,0.951,2.01 亿,0.0628,0.0123
300429,强力新材,20.96,5.35,0.965,3.36 亿,0.0976,0.0486
600761,安徽合力,20.91,3.61,0.982,6.07 亿,0.0627,0.0071
688352,颀中科技,20.9,3.66,0.976,2.95 亿,0.0684,0.0026
000410,沈阳机床,20.89,3.07,0.988,2.48 亿,0.042,0.0035
603738,泰晶科技,20.81,3.57,0.951,3.47 亿,0.0619,0.0015
688036,传音控股,20.64,3.92,0.979,6.27 亿,0.0672,0.0186
603172,万丰股份,20.63,4.04,0.955,2.45 亿,0.0804,0.0066
300842,帝科股份,20.59,4.93,0.913,17.25 亿,0.114,0.0046
001217,华尔泰,20.57,3.88,0.978,2.56 亿,0.0767,0.0078
300141,和顺电气,20.54,4.8,0.952,2.16 亿,0.1036,0.0191
300656,民德电子,20.53,4.49,0.992,2.59 亿,0.1131,0.0036
600775,南京熊猫,20.32,4.66,0.963,5.84 亿,0.0996,0.0213
300589,江龙船艇,20.29,4.51,0.965,7.56 亿,0.1013,0.0135
300123,亚光科技,20.14,4.64,0.988,4.55 亿,0.1129,0.0148
000712,锦龙股份,20.1,4.16,0.996,2.95 亿,0.1034,0.0027
603338,浙江鼎力,20.06,3.28,0.979,2.49 亿,0.0578,0.0024
002682,龙洲股份,19.92,4.94,0.967,2.53 亿,0.124,0.0158
600640,国脉文化,19.77,3.64,0.98,2.78 亿,0.0584,0.0219
002983,芯瑞达,19.76,3.66,0.975,2.20 亿,0.078,0.0026
300053,航宇微,19.68,5.08,0.96,17.52 亿,0.1131,0.0346
002703,浙江世宝,19.65,4.17,0.96,13.23 亿,0.0956,0.0083
300671,富满微,19.6,4.8,0.975,10.80 亿,0.1357,0.0033
300987,川网传媒,19.6,4.52,0.991,2.94 亿,0.1241,0.0045
300133,华策影视,19.56,4.92,0.982,15.25 亿,0.1011,0.0459
301262,海看股份,19.52,3.99,0.982,4.56 亿,0.0758,0.0249
603997,继峰股份,19.48,3.72,1.0,2.04 亿,0.0699,0.0211
002824,和胜股份,19.47,4.19,0.982,3.34 亿,0.108,0.0034
301281,科源制药,19.44,4.47,0.988,2.06 亿,0.1216,0.0058
002712,思美传媒,19.42,4.84,0.998,2.08 亿,0.1354,0.0136
300291,百纳千成,19.32,5.24,0.987,4.69 亿,0.1409,0.0266
301286,侨源股份,19.28,3.94,0.908,2.42 亿,0.0715,0.014
688590,新致软件,19.26,5.57,0.993,2.01 亿,0.1587,0.0287
002655,共达电声,19.24,4.07,0.963,3.99 亿,0.0798,0.0239
603103,横店影视,19.22,4.16,0.966,6.10 亿,0.1004,0.0087
300900,广联航空,19.2,4.75,0.938,16.39 亿,0.0917,0.0406
300027,华谊兄弟,19.18,4.53,0.969,3.27 亿,0.1228,0.0059
300479,神思电子,19.17,4.32,0.983,2.44 亿,0.1036,0.0179
600877,电科芯片,19.14,3.64,0.954,13.01 亿,0.0807,0.0007
002828,贝肯能源,19.11,4.1,0.964,4.12 亿,0.0892,0.0175
603629,利通电子,19.08,5.12,0.918,19.34 亿,0.1401,0.0065
300045,华力创通,19.06,5.39,0.963,10.40 亿,0.1373,0.0348
301230,泓博医药,19.04,5.33,0.98,4.56 亿,0.1476,0.027
603786,科博达,18.99,3.84,0.992,2.16 亿,0.0876,0.013
002806,华锋股份,18.95,4.44,0.966,2.91 亿,0.1049,0.0213
603728,鸣志电器,18.92,5.01,0.987,5.04 亿,0.1406,0.0209
000922,佳电股份,18.91,3.5,0.968,2.29 亿,0.0655,0.0137
601388,怡球资源,18.9,3.48,0.952,5.88 亿,0.073,0.002
300447,全信股份,18.9,4.14,0.967,4.55 亿,0.1075,0.0044
002906,华阳集团,18.89,3.57,0.986,2.83 亿,0.0721,0.0145
301205,联特科技,18.89,6.3,0.959,20.08 亿,0.2041,0.0152
002707,众信旅游,18.87,3.44,0.997,3.37 亿,0.0724,0.0093
688484,南芯科技,18.86,4.19,0.994,3.62 亿,0.1058,0.0153
002011,盾安环境,18.84,3.05,0.986,2.18 亿,0.0593,0.0003
600452,涪陵电力,18.78,3.22,0.952,7.60 亿,0.0626,0.0008
002409,雅克科技,18.74,3.79,0.953,11.44 亿,0.0851,0.0076
600053,九鼎投资,18.7,4.45,0.979,2.97 亿,0.0964,0.0368
002897,意华股份,18.7,4.36,0.938,8.16 亿,0.0832,0.0356
301428,世纪恒通,18.67,4.99,0.991,5.10 亿,0.1367,0.0283
300375,鹏翎股份,18.66,4.2,0.973,2.44 亿,0.0864,0.0326
002843,泰嘉股份,18.61,5.29,0.976,2.91 亿,0.1463,0.0309
301149,隆华新材,18.57,3.46,0.978,2.67 亿,0.0739,0.0084
603042,华脉科技,18.55,5.05,0.977,3.57 亿,0.1561,0.0097
600121,郑州煤电,18.54,3.6,0.991,2.64 亿,0.0899,0.0026
300933,中辰股份,18.53,4.14,0.985,2.21 亿,0.1179,0.0023
601900,南方传媒,18.52,3.93,0.982,3.03 亿,0.0986,0.01
003007,直真科技,18.48,4.7,0.963,2.67 亿,0.1045,0.0405
601595,上海电影,18.47,4.99,0.988,5.72 亿,0.1198,0.0471
300578,会畅科技,18.46,4.8,0.977,3.62 亿,0.1277,0.0261
688118,普元信息,18.44,5.74,0.98,2.15 亿,0.2046,0.0006
688271,联影医疗,18.41,3.12,0.977,7.63 亿,0.0556,0.01
688776,国光电气,18.41,6.13,0.967,3.32 亿,0.2076,0.0142
300182,捷成股份,18.4,4.31,0.976,26.53 亿,0.1095,0.0191
600860,京城股份,18.37,4.29,0.987,3.56 亿,0.1276,0.0027
601059,信达证券,18.37,3.4,0.986,3.26 亿,0.0816,0.0008
002654,万润科技,18.36,4.96,0.972,7.41 亿,0.1155,0.0468
300079,数码视讯,18.35,3.77,0.988,5.44 亿,0.0995,0.0034
688559,海目星,18.35,4.84,0.969,5.95 亿,0.1335,0.0221
601700,风范股份,18.33,3.12,0.97,2.92 亿,0.0589,0.006
002920,德赛西威,18.32,3.94,0.99,10.71 亿,0.0913,0.0215
688260,昀冢科技,18.31,6.91,0.961,2.01 亿,0.2403,0.0224
600293,三峡新材,18.3,3.41,0.967,3.02 亿,0.0647,0.0156
300571,平治信息,18.3,4.97,0.999,2.31 亿,0.1521,0.019
301111,粤万年青,18.28,4.72,0.983,2.34 亿,0.1153,0.0388
603496,恒为科技,18.24,4.78,0.978,5.57 亿,0.122,0.0343
300606,金太阳,18.23,5.3,0.96,5.90 亿,0.1512,0.0283
300739,明阳电路,18.22,4.45,0.911,8.42 亿,0.0916,0.0308
002605,姚记科技,18.17,4.17,0.988,2.87 亿,0.1241,0.0025
688234,天岳先进,18.12,4.57,0.954,7.94 亿,0.121,0.0196
000852,石化机械,18.1,3.23,0.98,2.44 亿,0.0738,0.0009
300985,致远新能,18.06,4.52,0.966,2.22 亿,0.109,0.0328
600185,珠免集团,18.04,3.79,0.988,4.69 亿,0.0876,0.0197
300525,博思软件,18.02,3.59,0.982,3.44 亿,0.0885,0.007
002025,航天电器,18.02,3.75,0.99,9.32 亿,0.0964,0.0096
000159,国际实业,18.0,3.72,0.987,2.17 亿,0.0798,0.0243
600792,云煤能源,17.99,4.11,0.968,2.89 亿,0.11,0.011
002780,三夫户外,17.96,4.08,0.976,2.55 亿,0.1084,0.0135
600685,中船防务,17.96,3.05,0.947,8.54 亿,0.0528,0.0079
000523,红棉股份,17.89,3.04,0.978,3.36 亿,0.059,0.0074
002878,元隆雅图,17.89,4.88,0.991,2.99 亿,0.1432,0.0268
002238,天威视讯,17.89,4.27,0.988,2.53 亿,0.1307,0.0053
300459,汤姆猫,17.87,4.61,0.993,9.60 亿,0.153,0.0034
300349,金卡智能,17.82,3.27,0.956,3.19 亿,0.0548,0.0204
000727,冠捷科技,17.81,3.63,0.986,2.01 亿,0.0802,0.021
002547,春兴精工,17.79,4.8,0.995,2.10 亿,0.1512,0.0172
300078,思创智联,17.78,5.45,0.993,2.49 亿,0.1727,0.0316
002544,普天科技,17.76,4.19,0.962,5.40 亿,0.0952,0.0317
002578,闽发铝业,17.74,3.88,0.976,3.00 亿,0.1074,0.0062
600996,贵广网络,17.74,4.03,0.978,2.20 亿,0.103,0.019
600773,西藏城投,17.74,3.68,0.982,2.64 亿,0.0801,0.0238
300832,新产业,17.73,3.33,0.999,2.65 亿,0.0751,0.0124
000035,中国天楹,17.7,3.07,0.962,2.35 亿,0.0633,0.0036
002572,索菲亚,17.67,3.0,0.989,2.03 亿,0.0493,0.0189
600880,博瑞传播,17.66,3.79,0.992,3.28 亿,0.1032,0.0099
688772,珠海冠宇,17.66,4.35,0.998,3.82 亿,0.1453,0.0007
601068,中铝国际,17.63,3.26,0.966,2.40 亿,0.0713,0.0076
300919,中伟新材,17.61,3.64,0.953,11.28 亿,0.0914,0.006
002150,正泰电源,17.59,4.37,0.936,6.91 亿,0.1205,0.0122
300402,宝色股份,17.58,4.2,0.971,2.70 亿,0.1236,0.0086
300151,昌红科技,17.54,4.05,0.976,2.44 亿,0.0909,0.0343
300347,泰格医药,17.52,4.17,0.992,7.43 亿,0.1097,0.0266
300545,联得装备,17.52,4.53,0.977,3.30 亿,0.1061,0.0465
603283,赛腾股份,17.51,4.67,0.972,6.69 亿,0.1478,0.0114
300759,康龙化成,17.5,4.01,0.995,5.91 亿,0.1209,0.0071
300299,富春股份,17.5,5.32,0.995,3.32 亿,0.1841,0.0182
600266,城建发展,17.5,4.19,0.973,6.10 亿,0.1136,0.0194
002935,天奥电子,17.49,3.73,0.961,2.35 亿,0.0837,0.0214
603315,福鞍股份,17.48,4.24,0.957,2.44 亿,0.1045,0.0275
300497,富祥药业,17.43,4.53,0.963,3.65 亿,0.1354,0.0153
300101,振芯科技,17.42,4.62,0.979,7.51 亿,0.1403,0.0194
603596,伯特利,17.39,3.93,0.998,8.15 亿,0.1186,0.0072
000620,盈新发展,17.38,4.54,0.953,9.27 亿,0.1125,0.0366
002068,黑猫股份,17.37,4.29,0.987,2.79 亿,0.1427,0.0011
688472,阿特斯,17.36,4.31,0.98,12.14 亿,0.1169,0.0264
603690,至纯科技,17.32,3.5,0.99,4.81 亿,0.0945,0.0056
688362,甬矽电子,17.3,5.39,0.959,7.42 亿,0.1807,0.0179
002279,久其软件,17.25,4.42,0.981,10.46 亿,0.1299,0.0216
601965,中国汽研,17.23,3.14,0.999,2.38 亿,0.0603,0.0219
300776,帝尔激光,17.21,4.39,0.942,11.35 亿,0.1124,0.0281
603399,永杉锂业,17.19,4.43,0.985,2.88 亿,0.1465,0.0074
300250,初灵信息,17.17,5.45,0.97,3.46 亿,0.1683,0.0394
002292,奥飞娱乐,17.14,4.61,0.998,8.59 亿,0.1427,0.0261
002745,木林森,17.13,3.15,0.984,4.11 亿,0.0612,0.0197
300062,中能电气,17.13,4.05,0.962,3.69 亿,0.1224,0.0049
002637,赞宇科技,17.08,3.32,0.959,2.30 亿,0.0787,0.0074
300603,立昂技术,17.07,4.51,0.987,2.19 亿,0.1444,0.0164
600060,海信视像,17.04,3.36,0.986,3.43 亿,0.071,0.0232
603220,中贝通信,17.04,4.67,0.975,8.50 亿,0.1347,0.0327
000993,闽东电力,16.98,3.45,0.958,2.02 亿,0.0838,0.0111
301312,智立方,16.95,5.44,0.923,6.37 亿,0.1858,0.0103
000829,天音控股,16.94,4.22,0.98,2.78 亿,0.1097,0.0346
300775,三角防务,16.93,3.81,0.956,27.80 亿,0.0853,0.0299
688378,奥来德,16.91,5.16,0.945,2.62 亿,0.1556,0.0328
603619,中曼石油,16.88,3.44,0.928,12.12 亿,0.0785,0.0108
300327,中颖电子,16.88,3.89,0.984,6.74 亿,0.1229,0.004
002520,日发精机,16.87,4.57,0.985,2.72 亿,0.1321,0.035
002552,宝鼎科技,16.85,3.91,0.98,2.89 亿,0.1187,0.0086
688408,中信博,16.82,4.55,0.988,3.83 亿,0.1609,0.0065
301293,三博脑科,16.82,4.45,0.959,10.12 亿,0.1323,0.0215
688503,聚和材料,16.81,5.59,0.933,14.39 亿,0.1847,0.0254
000890,法尔胜,16.81,4.88,0.949,2.43 亿,0.159,0.0166
688539,高华科技,16.81,4.35,0.954,2.24 亿,0.123,0.0242
688798,艾为电子,16.78,4.46,0.98,3.03 亿,0.1284,0.0322
300487,蓝晓科技,16.77,3.57,0.974,3.47 亿,0.0979,0.0094
301231,荣信文化,16.76,5.95,0.993,4.77 亿,0.2213,0.031
600734,实达集团,16.74,4.18,0.989,4.39 亿,0.1167,0.0306
688095,福昕软件,16.71,5.62,1.0,3.98 亿,0.2147,0.0218
688327,云从科技,16.71,5.19,0.995,5.92 亿,0.1793,0.0297
300217,东方电热,16.7,3.39,0.983,5.25 亿,0.0982,0.0013
301071,力量钻石,16.69,4.04,0.962,7.89 亿,0.1165,0.0167
601133,柏诚股份,16.67,3.69,0.959,4.32 亿,0.1093,0.0032
601702,华峰铝业,16.62,3.6,0.945,4.19 亿,0.0745,0.0304
300820,英杰电气,16.61,4.64,0.998,4.04 亿,0.141,0.0381
688333,铂力特,16.59,5.19,0.972,11.47 亿,0.1815,0.0223
688097,博众精工,16.57,4.76,0.951,3.51 亿,0.1357,0.0371
600131,国网信通,16.57,3.38,0.972,4.62 亿,0.0737,0.0248
688017,绿的谐波,16.55,5.34,0.944,21.60 亿,0.1661,0.0384
003009,中天火箭,16.55,3.76,0.966,3.60 亿,0.1138,0.0054
300494,盛天网络,16.53,4.99,0.994,4.44 亿,0.1525,0.0477
300080,易成新能,16.52,4.08,0.987,2.62 亿,0.1246,0.0189
603505,金石资源,16.51,3.34,0.975,3.54 亿,0.0717,0.0255
300223,北京君正,16.51,4.39,0.943,37.46 亿,0.1396,0.0113
301270,汉仪股份,16.51,4.95,0.989,2.30 亿,0.1856,0.0111
300229,拓尔思,16.45,4.91,0.989,12.69 亿,0.1765,0.0186
000525,红太阳,16.44,3.61,0.99,3.82 亿,0.0815,0.0358
002339,积成电子,16.43,4.02,0.944,8.51 亿,0.103,0.028
002146,荣盛发展,16.42,4.48,0.972,2.67 亿,0.1162,0.0491
300875,捷强装备,16.42,5.82,0.999,2.17 亿,0.211,0.0429
600641,先导基电,16.4,3.91,0.978,6.01 亿,0.1265,0.0069
688409,富创精密,16.38,5.05,0.934,6.74 亿,0.1706,0.0175
002886,沃特股份,16.38,4.2,0.966,2.62 亿,0.1201,0.0275
300617,安靠智电,16.36,3.9,0.946,7.19 亿,0.1215,0.0038
688311,盟升电子,16.35,5.81,0.984,2.72 亿,0.2173,0.0322
688662,富信科技,16.34,5.68,0.96,2.70 亿,0.1975,0.0363
603912,佳力图,16.33,4.02,0.989,2.12 亿,0.1365,0.007
300661,圣邦股份,16.33,3.94,0.987,14.67 亿,0.1008,0.0376
002019,亿帆医药,16.33,3.11,0.991,2.09 亿,0.0799,0.009
000025,特  力Ａ,16.24,3.15,0.984,2.06 亿,0.0691,0.0216
600398,海澜之家,16.24,3.08,0.997,2.72 亿,0.0774,0.0118
600545,卓郎智能,16.23,4.48,0.97,2.68 亿,0.1575,0.0105
300166,东方国信,16.16,4.52,0.978,14.08 亿,0.1544,0.0192
688699,明微电子,16.15,4.77,0.973,3.73 亿,0.1581,0.0292
601005,重庆钢铁,16.1,3.06,0.993,3.93 亿,0.0863,0.0026
000545,金浦钛业,16.06,4.37,0.984,2.39 亿,0.1487,0.0192
600841,动力新科,16.06,4.58,0.94,5.31 亿,0.1502,0.018
600776,东方通信,16.05,3.6,0.95,8.00 亿,0.0961,0.017
002506,协鑫集成,16.03,3.67,0.931,52.48 亿,0.0949,0.0184
300444,双杰电气,16.03,4.44,0.911,18.88 亿,0.112,0.0401
000560,我爱我家,15.97,4.62,0.983,6.92 亿,0.1377,0.0468
688507,索辰科技,15.97,5.39,0.977,2.11 亿,0.1955,0.0339
603132,金徽股份,15.94,3.16,0.945,3.83 亿,0.0675,0.0195
000048,京基智农,15.94,3.41,0.99,2.75 亿,0.0836,0.0281
300261,雅本化学,15.88,3.94,0.995,2.22 亿,0.1254,0.0214
300088,长信科技,15.88,3.31,0.981,5.83 亿,0.0895,0.0149
300265,通光线缆,15.85,4.41,0.937,12.05 亿,0.1339,0.0266
002957,科瑞技术,15.85,3.95,0.939,7.67 亿,0.1088,0.025
300232,洲明科技,15.79,3.74,0.986,3.62 亿,0.1261,0.0073
688728,格科微,15.78,3.5,0.986,3.05 亿,0.0977,0.021
300176,鸿特科技,15.77,4.1,0.981,2.54 亿,0.1216,0.0333
688169,石头科技,15.76,3.91,0.992,5.58 亿,0.1063,0.0401
002239,奥特佳,15.74,3.2,0.975,3.22 亿,0.0703,0.028
002470,金正大,15.73,3.39,0.952,4.56 亿,0.1007,0.0048
002905,金逸影视,15.73,4.64,0.991,3.25 亿,0.1768,0.0156
600486,扬农化工,15.69,3.15,0.97,3.95 亿,0.0905,0.0043
688188,柏楚电子,15.69,3.44,0.976,2.70 亿,0.078,0.0359
300821,东岳硅材,15.69,4.02,0.959,6.20 亿,0.1342,0.0114
000156,华数传媒,15.68,3.05,0.993,3.76 亿,0.0821,0.0109
002465,海格通信,15.66,3.9,0.95,32.01 亿,0.0961,0.0405
600667,太极实业,15.66,3.53,0.94,20.33 亿,0.0862,0.0258
301363,美好医疗,15.65,4.34,0.977,4.46 亿,0.13,0.0408
688523,航天环宇,15.59,5.22,0.922,5.85 亿,0.1898,0.0188
300041,回天新材,15.58,3.55,0.976,2.73 亿,0.1206,0.0016
000050,深天马Ａ,15.58,3.07,0.978,3.62 亿,0.0839,0.0087
001287,中电港,15.57,3.76,0.997,7.13 亿,0.1233,0.0175
300491,通合科技,15.56,4.99,0.987,2.20 亿,0.2135,0.0028
301378,通达海,15.49,5.2,0.995,3.03 亿,0.191,0.0427
600814,杭州解百,15.48,3.45,0.995,3.52 亿,0.1112,0.0105
000923,河钢资源,15.47,3.28,0.933,5.54 亿,0.0863,0.0115
300158,振东制药,15.45,4.35,0.989,2.56 亿,0.1775,0.0013
688297,中无人机,15.44,3.96,0.994,3.34 亿,0.134,0.0211
600133,东湖高新,15.44,4.06,0.97,5.49 亿,0.1174,0.0378
300345,华民股份,15.41,4.53,0.986,4.43 亿,0.1406,0.049
300740,水羊股份,15.41,4.27,0.976,2.78 亿,0.1621,0.0086
600378,昊华科技,15.4,3.37,0.974,3.38 亿,0.0811,0.0322
300267,尔康制药,15.39,4.07,0.968,3.92 亿,0.1368,0.0194
002452,长高电新,15.38,3.08,0.932,3.26 亿,0.0593,0.0276
300360,炬华科技,15.38,3.03,0.972,2.31 亿,0.0649,0.0268
600456,宝钛股份,15.36,3.04,0.946,8.07 亿,0.0803,0.007
600649,城投控股,15.32,3.56,0.979,5.19 亿,0.091,0.0362
300331,苏大维格,15.31,5.16,0.93,7.82 亿,0.1802,0.0332
300352,北信源,15.3,4.18,0.966,4.35 亿,0.1197,0.0442
300037,新宙邦,15.3,4.11,0.977,9.87 亿,0.142,0.0205
002474,榕基软件,15.3,4.4,0.989,2.85 亿,0.1701,0.0141
300693,盛弘股份,15.29,4.53,0.975,3.74 亿,0.1637,0.0253
603960,克来机电,15.29,3.87,0.965,4.06 亿,0.1238,0.0203
002207,准油股份,15.29,4.54,0.96,5.51 亿,0.1726,0.0124
002659,凯文教育,15.28,4.25,0.972,2.09 亿,0.125,0.0452
000056,皇庭国际,15.26,5.17,0.976,2.36 亿,0.1865,0.0442
601121,宝地矿业,15.25,3.14,0.985,2.74 亿,0.086,0.0167
300828,锐新科技,15.24,4.44,0.939,3.53 亿,0.1294,0.044
688777,中控技术,15.24,3.52,0.939,28.27 亿,0.1075,0.0095
000036,华联控股,15.24,3.81,0.974,4.67 亿,0.1177,0.0258
002937,兴瑞科技,15.23,3.78,0.985,2.61 亿,0.0979,0.0464
600828,茂业商业,15.23,4.67,0.963,5.31 亿,0.1612,0.0343
002702,海欣食品,15.19,4.28,0.986,3.76 亿,0.1511,0.0268
300428,立中集团,15.16,3.55,0.981,3.33 亿,0.112,0.0177
000938,紫光股份,15.15,3.59,0.998,12.99 亿,0.1142,0.022
002036,联创电子,15.15,4.18,0.989,5.05 亿,0.143,0.0301
603507,振江股份,15.15,4.03,0.957,3.20 亿,0.1101,0.0444
600307,酒钢宏兴,15.14,3.01,0.974,2.85 亿,0.0836,0.0099
688020,方邦股份,15.14,5.67,0.928,2.19 亿,0.2309,0.0165
600707,彩虹股份,15.13,3.34,0.985,3.03 亿,0.096,0.0211
002114,罗平锌电,15.12,4.25,0.959,3.24 亿,0.1474,0.0225
002182,宝武镁业,15.11,3.67,0.947,7.89 亿,0.1127,0.0171
300683,海特生物,15.11,4.78,0.995,2.71 亿,0.195,0.0199
300413,芒果超媒,15.09,3.55,0.985,8.47 亿,0.1106,0.021
000670,盈方微,15.08,4.67,0.973,6.69 亿,0.1523,0.0492
688586,江航装备,15.06,3.42,0.961,3.11 亿,0.1095,0.0087
688146,中船特气,15.06,3.72,0.961,2.96 亿,0.1289,0.0086
002735,王子新材,15.05,4.89,0.972,3.60 亿,0.1829,0.0327
603186,华正新材,15.05,5.22,0.905,8.84 亿,0.1935,0.0205
601226,华电科工,15.02,3.66,0.921,8.51 亿,0.1053,0.0196
603031,安孚科技,15.02,3.92,0.935,5.39 亿,0.1275,0.0169
300483,首华燃气,15.02,4.62,0.971,5.55 亿,0.1893,0.0097
000555,神州信息,15.0,4.23,0.961,7.27 亿,0.128,0.0431
002244,滨江集团,14.96,4.09,0.986,4.36 亿,0.1219,0.0474
600237,铜峰电子,14.94,3.75,0.963,3.58 亿,0.1264,0.0151
000683,博源化工,14.93,3.11,0.951,5.08 亿,0.0836,0.0144
301066,万事利,14.93,5.02,0.991,2.30 亿,0.1997,0.0337
300228,富瑞特装,14.93,3.93,0.939,5.54 亿,0.1013,0.046
301162,国能日新,14.92,4.8,0.968,2.60 亿,0.1986,0.0128
688052,纳芯微,14.92,5.26,0.979,6.24 亿,0.1985,0.0463
002187,广百股份,14.91,4.07,0.994,2.23 亿,0.1446,0.0265
603861,白云电器,14.91,3.95,0.917,5.86 亿,0.1063,0.037
300567,精测电子,14.9,4.82,0.936,19.83 亿,0.1541,0.0485
688262,国芯科技,14.9,5.02,0.978,9.93 亿,0.2052,0.0246
300508,维宏股份,14.87,4.25,0.951,2.19 亿,0.1502,0.0216
600563,法拉电子,14.86,3.5,0.993,5.17 亿,0.1167,0.0169
000636,风华高科,14.85,3.1,0.92,19.06 亿,0.0793,0.0125
002151,北斗星通,14.84,3.2,0.96,13.56 亿,0.0923,0.0149
600076,康欣新材,14.81,4.26,0.959,2.69 亿,0.1736,0.002
000932,华菱钢铁,14.8,3.1,0.974,6.07 亿,0.0965,0.0078
600785,新华百货,14.79,3.99,0.954,6.84 亿,0.1222,0.035
300188,国投智能,14.77,4.13,0.982,5.23 亿,0.1409,0.0335
688172,燕东微,14.77,4.46,0.918,8.06 亿,0.1457,0.032
688135,利扬芯片,14.77,4.84,0.951,5.15 亿,0.1763,0.035
603118,共进股份,14.74,4.56,0.99,3.10 亿,0.1727,0.0334
300416,苏试试验,14.72,4.01,0.987,4.75 亿,0.1465,0.022
600470,六国化工,14.69,3.67,0.96,2.71 亿,0.1099,0.03
000995,皇台酒业,14.69,4.32,0.993,5.38 亿,0.1626,0.029
000078,海王生物,14.69,3.53,0.985,6.02 亿,0.1097,0.0269
002721,金一文化,14.67,3.57,0.996,3.93 亿,0.1323,0.0103
002697,红旗连锁,14.66,3.02,0.984,2.63 亿,0.0767,0.0262
002739,万达电影,14.63,3.06,0.975,15.25 亿,0.0698,0.0343
002429,兆驰股份,14.61,3.34,0.907,16.78 亿,0.0879,0.0194
603179,新泉股份,14.61,4.37,0.953,10.81 亿,0.1399,0.0454
301069,凯盛新材,14.59,4.65,0.981,3.28 亿,0.1996,0.0128
603936,博敏电子,14.59,4.1,0.978,3.94 亿,0.1625,0.0122
300129,泰胜风能,14.58,3.94,0.939,9.12 亿,0.1155,0.0384
600522,中天科技,14.58,3.23,0.902,41.58 亿,0.0756,0.0243
600100,同方股份,14.54,3.51,0.971,7.62 亿,0.1222,0.012
002879,长缆科技,14.54,3.52,0.946,2.32 亿,0.0944,0.0349
300068,南都电源,14.51,4.67,0.998,4.57 亿,0.1888,0.0325
002445,中南文化,14.5,3.41,0.982,2.32 亿,0.1085,0.0226
000607,华媒控股,14.5,3.82,0.991,4.07 亿,0.1367,0.0242
300385,雪浪环境,14.5,4.5,0.924,2.63 亿,0.1612,0.0257
603885,吉祥航空,14.5,3.14,0.986,2.16 亿,0.0942,0.0194
002235,安妮股份,14.47,4.67,0.978,4.85 亿,0.2071,0.0086
300427,红相股份,14.46,4.86,0.941,11.64 亿,0.2073,0.0088
000659,珠海中富,14.46,4.7,0.954,2.39 亿,0.1745,0.0355
688518,联赢激光,14.4,4.55,0.973,3.28 亿,0.2036,0.0043
688099,晶晨股份,14.39,4.23,0.99,11.43 亿,0.154,0.0374
300676,华大基因,14.38,3.31,0.993,3.94 亿,0.1244,0.0044
002373,千方科技,14.38,3.61,0.997,4.97 亿,0.1181,0.0324
300148,天舟文化,14.38,4.79,0.989,4.79 亿,0.1951,0.0345
002451,摩恩电气,14.38,3.86,0.955,2.34 亿,0.126,0.0303
688035,德邦科技,14.37,4.94,0.97,4.91 亿,0.1976,0.0357
002446,盛路通信,14.36,4.15,0.969,8.81 亿,0.154,0.0259
001360,南矿集团,14.35,3.63,0.949,2.50 亿,0.1237,0.0164
605111,新洁能,14.35,3.79,0.94,13.17 亿,0.1034,0.045
600408,安泰集团,14.34,4.81,0.962,2.49 亿,0.2028,0.0197
603225,新凤鸣,14.34,3.58,0.937,4.22 亿,0.1131,0.0211
300457,赢合科技,14.34,4.52,0.987,4.48 亿,0.1614,0.0497
002230,科大讯飞,14.33,3.26,0.995,43.40 亿,0.1113,0.0146
603888,新华网,14.32,3.42,0.998,9.17 亿,0.11,0.0279
300855,图南股份,14.32,4.05,0.949,3.99 亿,0.1306,0.0379
000785,居然智家,14.31,3.55,0.98,2.23 亿,0.131,0.012
603138,海量数据,14.29,4.38,0.991,6.36 亿,0.1616,0.0419
300073,当升科技,14.29,3.99,0.975,9.02 亿,0.1406,0.0313
601890,亚星锚链,14.28,3.37,0.958,8.97 亿,0.1191,0.0069
688396,华润微,14.25,3.08,0.996,10.74 亿,0.1107,0.0044
601155,新城控股,14.25,3.78,0.98,4.07 亿,0.1364,0.0234
300613,富瀚微,14.24,4.14,0.995,3.58 亿,0.1683,0.0207
300596,利安隆,14.24,3.7,0.95,2.34 亿,0.1412,0.0058
002256,兆新股份,14.22,4.24,0.959,2.88 亿,0.1477,0.0385
002438,江苏神通,14.21,3.59,0.937,5.51 亿,0.0919,0.0452
000572,海马汽车,14.21,4.88,0.97,4.26 亿,0.1933,0.0394
301358,湖南裕能,14.2,4.66,0.956,14.29 亿,0.1743,0.0395
601233,桐昆股份,14.19,3.17,0.92,8.42 亿,0.0857,0.0196
300226,上海钢联,14.18,4.22,0.984,5.53 亿,0.1591,0.0335
301120,新特电气,14.18,5.01,0.946,6.09 亿,0.2113,0.0231
600862,中航高科,14.16,3.02,0.987,9.09 亿,0.0888,0.0218
000420,吉林化纤,14.16,3.71,0.969,4.99 亿,0.1056,0.0483
601116,三江购物,14.16,4.23,0.976,7.43 亿,0.1592,0.0325
688700,东威科技,14.15,5.44,0.998,4.36 亿,0.2343,0.0495
300191,潜能恒信,14.12,4.18,0.923,9.57 亿,0.148,0.025
002667,威领股份,14.12,5.33,0.954,5.06 亿,0.2555,0.0044
688111,金山办公,14.11,4.31,0.983,22.92 亿,0.165,0.0353
605136,丽人丽妆,14.1,4.52,0.997,2.41 亿,0.2017,0.0183
002589,瑞康医药,14.09,3.21,0.999,2.04 亿,0.1075,0.0204
003042,中农联合,14.09,3.8,0.996,3.17 亿,0.1365,0.0325
301269,华大九天,14.09,3.83,0.997,5.39 亿,0.1357,0.035
688359,三孚新科,14.08,5.05,0.976,2.48 亿,0.2205,0.0294
300057,万顺新材,14.05,4.09,0.998,2.41 亿,0.1537,0.0367
300471,厚普股份,14.04,4.22,0.976,4.34 亿,0.1526,0.0412
300582,英飞特,14.04,4.48,0.974,2.41 亿,0.1666,0.044
300558,贝达药业,14.0,3.98,0.999,2.54 亿,0.1509,0.0331
002006,精工科技,13.98,3.98,0.981,3.20 亿,0.1517,0.0272
688037,芯源微,13.95,5.29,0.926,13.14 亿,0.2066,0.0443
300087,荃银高科,13.92,3.43,0.987,3.18 亿,0.1317,0.0111
600756,浪潮软件,13.92,3.75,0.985,2.34 亿,0.1346,0.0306
600933,爱柯迪,13.91,3.92,0.987,2.81 亿,0.1401,0.0378
600633,浙数文化,13.91,3.93,0.989,10.04 亿,0.1593,0.0202
600152,维科技术,13.89,3.95,0.982,2.46 亿,0.1476,0.0314
300048,合康新能,13.88,3.23,0.952,2.72 亿,0.0912,0.0304
688180,君实生物,13.87,3.81,0.992,5.18 亿,0.1523,0.0206
002534,西子洁能,13.86,3.75,0.947,4.38 亿,0.144,0.0124
300072,海新能科,13.85,4.26,0.969,2.87 亿,0.1677,0.0302
600718,东软集团,13.82,3.1,0.989,3.11 亿,0.0982,0.0235
301095,广立微,13.81,4.78,0.972,6.27 亿,0.2019,0.0349
300909,汇创达,13.8,4.75,0.919,2.12 亿,0.1678,0.0484
300438,鹏辉能源,13.8,4.95,0.988,13.34 亿,0.234,0.0204
600973,宝胜股份,13.79,3.7,0.952,3.09 亿,0.1273,0.0279
300296,利亚德,13.78,3.66,0.963,13.43 亿,0.1305,0.0255
000815,美利云,13.78,4.22,0.982,13.49 亿,0.1615,0.0391
300699,光威复材,13.77,3.24,0.954,10.72 亿,0.0875,0.0369
300792,壹网壹创,13.76,4.59,0.959,7.64 亿,0.1856,0.0344
300725,药石科技,13.75,3.99,0.994,2.78 亿,0.1613,0.0271
601360,三六零,13.75,3.77,0.986,29.45 亿,0.1528,0.0178
000980,众泰汽车,13.74,5.2,0.99,3.27 亿,0.2294,0.0449
002218,拓日新能,13.73,3.82,0.95,18.25 亿,0.1251,0.0394
688065,凯赛生物,13.71,3.13,0.988,3.05 亿,0.1019,0.0236
600960,渤海汽车,13.69,4.43,0.953,2.14 亿,0.1638,0.0445
603927,中科软,13.69,3.0,0.986,2.23 亿,0.095,0.0211
688114,华大智造,13.68,4.63,0.985,2.68 亿,0.1916,0.0417
300747,锐科激光,13.67,3.71,0.977,6.00 亿,0.1576,0.0074
300258,精锻科技,13.66,4.39,0.981,4.47 亿,0.1827,0.0326
603188,亚邦股份,13.65,4.33,0.956,2.20 亿,0.1571,0.0461
300628,亿联网络,13.65,3.07,0.985,4.72 亿,0.0909,0.0307
002297,博云新材,13.64,3.71,0.929,7.89 亿,0.1253,0.0269
603123,翠微股份,13.64,4.79,0.977,4.26 亿,0.2143,0.029
603162,海通发展,13.63,3.43,0.973,3.38 亿,0.1063,0.0384
301026,浩通科技,13.62,4.36,0.954,4.91 亿,0.164,0.0415
002054,德美化工,13.61,3.47,0.928,6.35 亿,0.1214,0.0156
603260,合盛硅业,13.6,3.14,0.983,5.67 亿,0.1002,0.0267
688170,德龙激光,13.59,5.09,0.969,3.25 亿,0.2151,0.048
600800,渤海化学,13.57,4.25,0.979,2.02 亿,0.1809,0.0258
300533,冰川网络,13.56,5.32,0.989,3.35 亿,0.2753,0.0131
300263,隆华科技,13.56,3.56,0.944,9.47 亿,0.1215,0.0265
688126,沪硅产业,13.51,3.51,0.988,10.08 亿,0.1329,0.0237
600977,中国电影,13.5,3.14,0.997,16.13 亿,0.1265,0.0055
002925,盈趣科技,13.48,3.36,0.957,3.07 亿,0.1323,0.0062
300036,超图软件,13.48,3.69,0.987,3.46 亿,0.1239,0.0463
301330,熵基科技,13.47,3.94,0.959,2.16 亿,0.1587,0.0221
301155,海力风电,13.44,4.54,0.977,3.03 亿,0.1904,0.0398
002945,华林证券,13.42,3.33,0.987,7.82 亿,0.117,0.0277
002913,奥士康,13.42,3.98,0.946,2.47 亿,0.1584,0.0221
002317,众生药业,13.41,3.98,0.977,8.53 亿,0.1801,0.0095
000031,大悦城,13.4,3.7,0.983,2.52 亿,0.1328,0.0383
002183,怡 亚 通,13.4,3.39,0.988,9.24 亿,0.135,0.0151
002350,北京科锐,13.39,3.76,0.923,2.22 亿,0.1295,0.0298
301031,中熔电气,13.38,4.47,0.942,5.08 亿,0.1792,0.0353
600556,天下秀,13.38,4.17,0.989,14.53 亿,0.1734,0.0353
000936,华西股份,13.35,3.74,0.986,2.33 亿,0.1321,0.0438
605598,上海港湾,13.33,4.73,0.942,4.68 亿,0.2299,0.0044
000059,华锦股份,13.32,3.18,0.995,2.29 亿,0.1083,0.0296
000735,罗 牛 山,13.31,3.46,0.979,3.56 亿,0.1256,0.0292
002248,华东数控,13.31,4.33,0.945,3.35 亿,0.162,0.0455
000561,烽火电子,13.31,4.05,0.983,3.58 亿,0.1552,0.044
688239,航宇科技,13.3,4.85,0.943,5.34 亿,0.2306,0.0132
600361,创新新材,13.3,3.31,0.976,3.87 亿,0.1043,0.0387
002405,四维图新,13.3,3.55,0.993,10.61 亿,0.1403,0.0249
600468,百利电气,13.29,4.04,0.97,2.45 亿,0.1535,0.0411
688515,裕太微,13.29,5.37,0.996,2.64 亿,0.2605,0.0417
300724,捷佳伟创,13.29,4.18,0.96,45.48 亿,0.1859,0.0162
300086,康芝药业,13.29,4.97,0.964,2.86 亿,0.222,0.0388
600984,建设机械,13.28,4.19,0.989,3.14 亿,0.177,0.035
603650,彤程新材,13.28,3.71,0.92,10.77 亿,0.1141,0.0425
603878,武进不锈,13.27,3.57,0.966,2.93 亿,0.1409,0.0187
002560,通达股份,13.26,3.38,0.959,4.05 亿,0.1327,0.0117
002929,润建股份,13.25,4.35,0.974,6.24 亿,0.1715,0.0479
002174,游族网络,13.23,4.14,0.99,3.61 亿,0.1923,0.0175
688187,时代电气,13.19,3.2,0.959,3.79 亿,0.0947,0.038
000899,赣能股份,13.17,3.06,0.918,2.18 亿,0.0776,0.0356
000762,西藏矿业,13.17,3.59,0.975,7.65 亿,0.1252,0.0409
002747,埃斯顿,13.15,3.75,0.993,4.61 亿,0.1684,0.0144
688147,微导纳米,13.15,5.24,0.936,6.97 亿,0.2508,0.0217
300593,新雷能,13.13,5.23,0.944,7.29 亿,0.2663,0.0098
300687,赛意信息,13.11,4.69,0.992,3.14 亿,0.2148,0.0397
002859,洁美科技,13.11,3.64,0.934,3.49 亿,0.1552,0.0044
600482,中国动力,13.1,3.13,0.926,14.98 亿,0.0809,0.0403
002885,京泉华,13.07,4.46,0.941,5.37 亿,0.2141,0.0074
600521,华海药业,13.06,3.24,1.0,2.92 亿,0.1092,0.0391
688179,阿拉丁,13.05,4.14,0.945,2.36 亿,0.1554,0.0442
000816,智慧农业,13.05,3.87,0.973,5.42 亿,0.1645,0.0245
000032,深桑达Ａ,13.05,4.47,0.977,5.25 亿,0.2017,0.0327
688372,伟测科技,13.0,5.53,0.937,8.15 亿,0.2843,0.0142
301408,华人健康,13.0,4.34,0.999,4.13 亿,0.1833,0.0498
603883,老百姓,12.99,3.26,0.981,2.10 亿,0.105,0.0413
002251,步步高,12.97,4.1,0.998,3.38 亿,0.1849,0.0307
002606,大连电瓷,12.95,3.2,0.939,5.56 亿,0.097,0.0346
002491,通鼎互联,12.95,3.88,0.932,17.94 亿,0.162,0.0172
300390,天华新能,12.94,4.35,0.936,16.29 亿,0.2139,0.001
600163,中闽能源,12.93,3.01,0.964,2.18 亿,0.089,0.0352
688289,圣湘生物,12.93,3.18,0.979,2.24 亿,0.0927,0.0477
603267,鸿远电子,12.92,4.09,0.991,5.88 亿,0.1954,0.0182
603191,望变电气,12.89,3.6,0.946,6.56 亿,0.1226,0.0415
002160,常铝股份,12.88,3.47,0.956,4.84 亿,0.1255,0.032
688091,上海谊众,12.87,4.86,0.991,2.05 亿,0.2366,0.0382
600026,中远海能,12.87,3.21,0.942,13.09 亿,0.1046,0.0302
688048,长光华芯,12.86,6.0,0.926,17.69 亿,0.3122,0.0198
300651,金陵体育,12.86,4.59,0.967,2.85 亿,0.2439,0.001
002324,普利特,12.86,3.8,0.961,6.10 亿,0.173,0.0108
603867,新化股份,12.85,3.49,0.977,3.39 亿,0.1288,0.0362
002522,浙江众成,12.85,3.34,0.968,2.21 亿,0.136,0.0158
300124,汇川技术,12.84,3.02,0.987,22.59 亿,0.105,0.027
688268,华特气体,12.84,3.95,0.981,2.10 亿,0.1543,0.0475
605056,咸亨国际,12.83,3.82,0.923,2.43 亿,0.1249,0.0497
002728,特一药业,12.8,3.66,0.987,6.28 亿,0.1373,0.045
300095,华伍股份,12.79,4.16,0.974,2.17 亿,0.1835,0.0333
000155,川能动力,12.78,3.01,0.979,6.38 亿,0.0926,0.038
688141,杰华特,12.78,6.0,0.95,6.40 亿,0.297,0.0491
300456,赛微电子,12.78,4.86,0.917,32.03 亿,0.2249,0.0236
002860,星帅尔,12.77,3.59,0.989,3.53 亿,0.1694,0.0086
002579,中京电子,12.76,4.24,0.969,3.84 亿,0.1732,0.049
000593,德龙汇能,12.76,4.08,0.916,3.58 亿,0.1891,0.004
002079,苏州固锝,12.73,3.13,0.999,6.48 亿,0.1124,0.0333
002203,海亮股份,12.73,3.09,0.959,5.39 亿,0.1234,0.0096
002123,梦网科技,12.72,4.36,0.983,2.74 亿,0.226,0.0114
300696,爱乐达,12.72,4.8,0.961,3.93 亿,0.2214,0.0416
688385,复旦微电,12.71,4.71,0.95,11.78 亿,0.2148,0.0373
002125,湘潭电化,12.7,3.66,0.963,3.66 亿,0.1343,0.0436
002180,纳思达,12.68,3.64,0.973,3.58 亿,0.1304,0.0488
300726,宏达电子,12.68,4.15,0.961,5.80 亿,0.1843,0.0307
601099,太平洋,12.68,3.09,0.997,5.79 亿,0.1,0.043
688280,精进电动,12.65,4.56,0.97,3.81 亿,0.2426,0.0068
001979,招商蛇口,12.65,3.33,0.973,7.71 亿,0.1172,0.0389
603978,深圳新星,12.65,5.01,0.966,2.29 亿,0.2338,0.0485
603078,江化微,12.65,3.71,0.955,9.89 亿,0.1341,0.0458
000837,秦川机床,12.62,3.79,0.997,2.08 亿,0.1745,0.0246
002163,海南发展,12.61,4.3,0.96,12.90 亿,0.1911,0.0361
600460,士兰微,12.61,3.35,0.971,22.81 亿,0.1407,0.0173
002145,钛能化学,12.61,3.19,0.993,5.05 亿,0.1325,0.0187
002658,雪迪龙,12.6,3.45,0.946,2.78 亿,0.1371,0.0217
600078,澄星股份,12.6,4.19,0.945,5.96 亿,0.1746,0.0396
605020,永和股份,12.59,3.52,0.99,3.71 亿,0.152,0.0249
300587,天铁科技,12.58,4.4,0.996,2.00 亿,0.242,0.0063
002782,可立克,12.57,3.78,0.929,3.72 亿,0.1442,0.0351
600783,鲁信创投,12.57,3.35,0.933,7.51 亿,0.1153,0.0335
601015,陕西黑猫,12.56,3.73,0.985,6.31 亿,0.1439,0.0488
600367,红星发展,12.53,3.87,0.96,5.38 亿,0.154,0.0422
688508,芯朋微,12.53,4.21,0.977,5.09 亿,0.211,0.0169
301158,德石股份,12.52,3.78,0.961,2.49 亿,0.1566,0.0338
001337,四川黄金,12.52,3.33,0.945,17.78 亿,0.1168,0.0343
300568,星源材质,12.52,4.16,0.996,7.07 亿,0.1906,0.0406
300619,金银河,12.51,5.19,0.976,5.50 亿,0.2692,0.0359
688006,杭可科技,12.5,3.86,0.981,2.52 亿,0.1879,0.0149
300682,朗新科技,12.49,4.68,0.999,6.82 亿,0.273,0.0013
002706,良信股份,12.49,3.6,0.985,3.84 亿,0.179,0.0045
688432,有研硅,12.48,3.38,0.968,2.87 亿,0.1364,0.0259
605006,山东玻纤,12.48,3.51,0.955,3.27 亿,0.1595,0.0092
688331,荣昌生物,12.48,5.95,0.962,5.40 亿,0.3249,0.034
603039,泛微网络,12.47,4.47,0.984,4.09 亿,0.2368,0.016
002307,北新路桥,12.46,3.41,0.994,2.58 亿,0.1551,0.017
002554,惠博普,12.44,3.55,0.983,3.82 亿,0.1451,0.0352
000798,中水渔业,12.42,3.63,0.998,3.86 亿,0.1587,0.0327
603353,和顺石油,12.38,4.6,0.923,3.37 亿,0.2122,0.0304
688200,华峰测控,12.36,4.81,0.919,9.59 亿,0.2127,0.0452
300777,中简科技,12.33,3.71,0.981,8.75 亿,0.1922,0.0032
300655,晶瑞电材,12.3,4.46,0.945,10.27 亿,0.2085,0.0343
600736,苏州高新,12.28,3.14,0.958,2.91 亿,0.1023,0.0428
300511,雪榕生物,12.25,4.62,0.999,2.01 亿,0.2716,0.0056
603939,益丰药房,12.23,3.34,0.979,3.52 亿,0.1182,0.0493
300414,中光防雷,12.2,4.55,0.957,2.55 亿,0.2091,0.0475
000951,中国重汽,12.2,3.06,0.961,4.29 亿,0.0947,0.0463
301050,雷电微力,12.17,3.68,0.972,6.89 亿,0.1435,0.0498
002928,华夏航空,12.17,3.66,0.961,2.39 亿,0.1529,0.0358
002803,吉宏股份,12.16,3.86,0.988,2.16 亿,0.1717,0.0418
600416,湘电股份,12.16,3.79,0.992,4.40 亿,0.1661,0.0428
300770,新媒股份,12.16,3.03,0.965,3.14 亿,0.0992,0.0409
600340,华夏幸福,12.13,4.58,0.985,3.33 亿,0.2264,0.046
600376,首开股份,12.12,4.62,0.981,3.98 亿,0.2735,0.0
600829,人民同泰,12.12,3.69,0.968,2.59 亿,0.1462,0.0489
688392,骄成超声,12.12,5.63,0.948,3.46 亿,0.326,0.0143
000065,北方国际,12.1,3.35,0.987,2.97 亿,0.1307,0.0424
600509,天富能源,12.09,3.2,0.958,3.05 亿,0.1201,0.0333
600230,沧州大化,12.06,3.33,0.924,7.46 亿,0.125,0.0301
002389,航天彩虹,12.06,3.55,0.983,5.83 亿,0.152,0.0377
600868,梅雁吉祥,12.04,3.52,0.953,9.16 亿,0.1448,0.0339
002044,美年健康,12.04,3.57,0.992,15.56 亿,0.159,0.0349
601011,宝泰隆,12.04,4.13,0.993,3.64 亿,0.2054,0.0351
600728,佳都科技,12.04,3.15,0.98,4.19 亿,0.151,0.0053
300196,长海股份,12.02,3.35,0.938,5.04 亿,0.1384,0.0231
688059,华锐精密,12.02,4.89,0.922,3.29 亿,0.2682,0.0073
603616,韩建河山,11.98,4.36,0.968,3.86 亿,0.2195,0.0327
301235,华康洁净,11.98,4.16,0.911,4.98 亿,0.2029,0.0137
600330,天通股份,11.96,3.58,0.931,23.41 亿,0.1624,0.0164
002212,天融信,11.95,3.83,0.994,3.15 亿,0.2021,0.0169
002649,博彦科技,11.94,3.58,0.993,2.81 亿,0.1616,0.0359
002738,中矿资源,11.93,4.09,0.908,22.01 亿,0.1943,0.0173
600745,闻泰科技,11.93,3.59,0.982,16.06 亿,0.1517,0.0438
002243,力合科创,11.91,3.23,0.965,2.07 亿,0.1328,0.0287
002617,露笑科技,11.91,3.62,0.967,10.77 亿,0.1453,0.0489
605599,菜百股份,11.89,3.3,0.922,3.87 亿,0.1198,0.0364
600478,科力远,11.86,3.74,0.957,3.98 亿,0.1974,0.0044
600850,电科数字,11.85,3.37,0.97,3.55 亿,0.1301,0.0456
300014,亿纬锂能,11.85,4.03,0.979,31.39 亿,0.1921,0.0408
002809,红墙股份,11.84,3.95,0.971,4.64 亿,0.1829,0.0416
688403,汇成股份,11.82,4.39,0.936,7.40 亿,0.2063,0.0413
603906,龙蟠科技,11.81,4.36,0.975,2.35 亿,0.2456,0.0146
603737,三棵树,11.8,4.14,0.998,3.21 亿,0.2345,0.0154
600536,中国软件,11.79,3.73,0.997,7.14 亿,0.1687,0.0471
600151,航天机电,11.75,4.32,0.935,14.54 亿,0.2054,0.0385
002941,新疆交建,11.75,3.4,0.992,3.28 亿,0.173,0.0136
300163,先锋新材,11.74,4.89,0.95,3.27 亿,0.2689,0.0265
603331,百达精工,11.74,3.53,0.955,6.61 亿,0.142,0.0447
300185,通裕重工,11.71,3.04,0.972,3.36 亿,0.115,0.0376
688185,康希诺,11.7,3.78,0.997,2.01 亿,0.1941,0.0281
603127,昭衍新药,11.67,4.58,0.966,5.49 亿,0.2631,0.0155
000400,许继电气,11.57,3.31,0.945,12.25 亿,0.1382,0.0323
000070,特发信息,11.53,4.23,0.925,17.10 亿,0.2362,0.0026
002283,天润工业,11.51,3.23,0.916,7.01 亿,0.1296,0.0277
002064,华峰化学,11.49,3.03,0.916,6.77 亿,0.0972,0.0444
002201,九鼎新材,11.47,4.37,0.955,13.23 亿,0.2368,0.0271
002853,皮阿诺,11.45,4.58,0.922,2.01 亿,0.2497,0.0188
600770,综艺股份,11.45,3.89,0.975,5.45 亿,0.2084,0.0223
002300,太阳电缆,11.43,3.53,0.969,4.25 亿,0.1638,0.0351
000519,中兵红箭,11.42,3.39,0.973,8.89 亿,0.1443,0.0449
603966,法兰泰克,11.41,3.62,0.951,2.37 亿,0.1594,0.0424
002612,朗姿股份,11.41,3.2,0.993,2.02 亿,0.1412,0.0369
002049,紫光国微,11.41,3.29,0.987,20.98 亿,0.158,0.0268
600499,科达制造,11.36,3.06,0.912,7.57 亿,0.1449,0.0005
300443,金雷股份,11.31,4.05,0.995,2.53 亿,0.2107,0.0455
002434,万里扬,11.26,3.45,0.979,3.29 亿,0.1766,0.0236
688330,宏力达,11.25,3.13,0.943,2.24 亿,0.1577,0.0048
600588,用友网络,11.25,3.92,0.982,12.57 亿,0.1976,0.0443
300774,倍杰特,11.22,4.38,0.904,3.66 亿,0.2238,0.0291
002334,英威腾,11.2,3.26,0.994,4.11 亿,0.1657,0.0234
601001,晋控煤业,11.13,3.55,0.938,4.74 亿,0.1525,0.0465
002568,百润股份,11.08,3.6,0.951,2.27 亿,0.1781,0.0305
688122,西部超导,11.06,3.83,0.927,15.62 亿,0.1729,0.0477
600201,生物股份,11.06,3.44,0.926,6.32 亿,0.1706,0.0169
605337,李子园,11.02,3.47,0.975,2.16 亿,0.1672,0.0395
300454,深信服,10.94,4.47,0.98,24.20 亿,0.2714,0.0291
002043,兔 宝 宝,10.94,3.03,0.912,2.04 亿,0.1035,0.0487
301216,万凯新材,10.93,3.33,0.946,2.60 亿,0.1752,0.013
002497,雅化集团,10.93,3.77,0.932,13.78 亿,0.2172,0.0048
688663,新风光,10.92,4.17,0.91,2.37 亿,0.206,0.0411
605358,立昂微,10.91,3.73,0.97,11.88 亿,0.186,0.0462
603026,石大胜华,10.9,4.06,0.973,4.55 亿,0.2253,0.0368
002015,协鑫能科,10.88,3.51,0.982,8.86 亿,0.1796,0.0372
002057,中钢天源,10.87,3.13,0.957,2.30 亿,0.1447,0.0311
301080,百普赛斯,10.85,4.32,0.993,2.23 亿,0.2507,0.0443
688277,天智航,10.84,4.45,0.921,4.11 亿,0.2497,0.0287
002645,华宏科技,10.82,4.33,0.946,4.55 亿,0.2471,0.0314
300850,新强联,10.82,4.59,0.954,7.86 亿,0.276,0.0289
002056,横店东磁,10.82,3.04,0.951,6.92 亿,0.1435,0.0236
002217,合力泰,10.79,4.31,0.999,2.51 亿,0.2829,0.0165
600885,宏发股份,10.78,3.05,0.961,6.75 亿,0.123,0.0484
300066,三川智慧,10.76,4.06,0.95,5.71 亿,0.2174,0.0412
002624,完美世界,10.76,4.01,0.94,18.50 亿,0.2165,0.034
688567,孚能科技,10.75,4.17,0.969,2.16 亿,0.2315,0.0444
002518,科士达,10.73,4.3,0.932,6.23 亿,0.2606,0.0135
600110,诺德股份,10.68,4.02,0.967,6.32 亿,0.2464,0.0177
002259,升达林业,10.68,3.56,0.929,3.28 亿,0.1818,0.0281
600389,江山股份,10.67,3.62,0.953,3.70 亿,0.2094,0.0138
000935,四川双马,10.65,3.29,0.926,2.01 亿,0.1461,0.0399
002460,赣锋锂业,10.63,3.82,0.952,37.55 亿,0.2229,0.0191
601615,明阳智能,10.59,3.58,0.939,29.72 亿,0.1844,0.0334
600403,大有能源,10.56,4.2,0.952,4.50 亿,0.2424,0.0363
600570,恒生电子,10.51,3.46,0.985,10.24 亿,0.2113,0.0132
000811,冰轮环境,10.49,3.75,0.938,5.99 亿,0.2042,0.0314
688499,利元亨,10.45,5.24,0.976,3.28 亿,0.3822,0.0075
603778,国晟科技,10.44,4.88,0.918,14.25 亿,0.3135,0.0157
002555,三七互娱,10.41,3.55,0.988,16.89 亿,0.1977,0.0393
003022,联泓新科,10.4,3.19,0.994,2.49 亿,0.1634,0.0412
603938,三孚股份,10.39,3.83,0.957,3.53 亿,0.2032,0.0492
601218,吉鑫科技,10.36,3.46,0.95,2.31 亿,0.1697,0.0472
688350,富淼科技,10.33,4.05,0.905,2.08 亿,0.2095,0.0452
002427,尤夫股份,10.3,4.72,0.982,2.51 亿,0.3079,0.042
600338,西藏珠峰,10.26,3.82,0.961,12.52 亿,0.2082,0.0499
002121,科陆电子,10.23,3.86,0.949,5.59 亿,0.2396,0.0184
600103,青山纸业,10.19,3.31,0.957,2.85 亿,0.1816,0.0294
000600,建投能源,10.16,3.27,0.943,2.63 亿,0.155,0.0489
300003,乐普医疗,10.04,3.24,0.994,5.94 亿,0.1804,0.0398
300257,开山股份,10.02,3.56,0.915,3.11 亿,0.1877,0.0372
002407,多氟多,9.94,3.76,0.929,18.89 亿,0.2452,0.0064
002326,永太科技,9.9,4.1,0.942,19.19 亿,0.2626,0.0273
688119,中钢洛耐,9.88,3.17,0.973,2.62 亿,0.1638,0.048
600610,中毅达,9.81,5.35,0.998,8.48 亿,0.3973,0.0475
002709,天赐材料,9.65,4.2,0.971,23.08 亿,0.2775,0.0452
688231,隆达股份,9.54,3.82,0.937,2.30 亿,0.227,0.0483
002309,中利集团,9.52,3.92,0.977,4.91 亿,0.2585,0.0439
603122,合富中国,9.5,4.06,0.94,4.79 亿,0.2616,0.0399
601778,晶科科技,9.31,3.16,0.971,10.61 亿,0.1848,0.045
688388,嘉元科技,9.13,4.79,0.931,7.82 亿,0.3391,0.049
603916,苏博特,8.89,3.13,0.993,4.38 亿,0.2027,0.0468
603588,高能环境,8.79,3.12,0.934,5.93 亿,0.188,0.0441
603259,药明康德,8.08,3.37,0.971,35.40 亿,0.2592,0.0457
603444,吉比特,8.07,3.84,0.987,6.53 亿,0.3456,0.024
002250,联化科技,7.84,3.75,0.904,5.83 亿,0.289,0.0438
